-- phpMyAdmin SQL Dump
-- version 5.2.2
-- https://www.phpmyadmin.net/
--
-- Host: localhost:3306
-- Generation Time: Jul 09, 2025 at 08:53 AM
-- Server version: 8.4.3
-- PHP Version: 8.3.16

SET SQL_MODE = "NO_AUTO_VALUE_ON_ZERO";
START TRANSACTION;
SET time_zone = "+00:00";


/*!40101 SET @OLD_CHARACTER_SET_CLIENT=@@CHARACTER_SET_CLIENT */;
/*!40101 SET @OLD_CHARACTER_SET_RESULTS=@@CHARACTER_SET_RESULTS */;
/*!40101 SET @OLD_COLLATION_CONNECTION=@@COLLATION_CONNECTION */;
/*!40101 SET NAMES utf8mb4 */;

--
-- Database: `msgtest`
--

-- --------------------------------------------------------

--
-- Table structure for table `cart_list`
--

CREATE TABLE `cart_list` (
  `id` int NOT NULL,
  `customer_id` int NOT NULL,
  `product_id` int NOT NULL,
  `quantity` int NOT NULL DEFAULT '0'
) ENGINE=InnoDB DEFAULT CHARSET=utf8mb4 COLLATE=utf8mb4_general_ci;

--
-- Dumping data for table `cart_list`
--

INSERT INTO `cart_list` (`id`, `customer_id`, `product_id`, `quantity`) VALUES
(162, 19, 25, 1),
(163, 19, 26, 1);

-- --------------------------------------------------------

--
-- Table structure for table `category_list`
--

CREATE TABLE `category_list` (
  `id` int NOT NULL,
  `name` text CHARACTER SET utf8mb4 COLLATE utf8mb4_general_ci NOT NULL,
  `description` text CHARACTER SET utf8mb4 COLLATE utf8mb4_general_ci NOT NULL,
  `status` tinyint(1) NOT NULL DEFAULT '1',
  `delete_flag` tinyint(1) NOT NULL DEFAULT '0',
  `date_created` datetime NOT NULL DEFAULT CURRENT_TIMESTAMP,
  `date_updated` datetime NOT NULL DEFAULT CURRENT_TIMESTAMP ON UPDATE CURRENT_TIMESTAMP
) ENGINE=InnoDB DEFAULT CHARSET=utf8mb4 COLLATE=utf8mb4_general_ci;

--
-- Dumping data for table `category_list`
--

INSERT INTO `category_list` (`id`, `name`, `description`, `status`, `delete_flag`, `date_created`, `date_updated`) VALUES
(1, 'ของเล่นหมวดหมู่ 0-2 ปี', 'ของเล่นหมวดหมู่ 0-2 ปี', 1, 0, '2025-06-05 11:59:25', '2025-06-05 11:59:25'),
(2, 'ของเล่นหมวดหมู่ 3-4 ปี', 'ของเล่นหมวดหมู่ 3-4 ปี', 1, 0, '2025-06-05 11:59:38', '2025-06-05 11:59:38'),
(3, 'ของเล่นหมวดหมู่ 5-6 ปี', 'ของเล่นหมวดหมู่ 5-6 ปี', 1, 0, '2025-06-05 11:59:45', '2025-06-05 11:59:45'),
(4, 'ของเล่นกระดานลื่น', 'ของเล่นกระดานลื่น สุดสนุก!', 1, 0, '2025-06-05 13:19:47', '2025-06-05 13:19:47'),
(5, 'เทส', 'เทส', 1, 0, '2025-06-12 09:57:50', '2025-06-12 09:57:50'),
(6, 'Keyboard/คีย์บอร์ด', 'Keyboard/คีย์บอร์ด', 1, 0, '2025-06-17 13:37:41', '2025-06-17 13:37:41'),
(7, 'HEADSET/หูฟัง', 'HEADSET/หูฟัง', 1, 0, '2025-06-17 13:42:26', '2025-06-17 13:42:26'),
(8, 'ขนม', 'ขนม', 1, 0, '2025-06-17 13:50:33', '2025-06-17 13:50:33'),
(9, 'ผงชงดื่ม', 'ผงชงดื่ม', 1, 0, '2025-06-17 14:20:49', '2025-06-17 14:20:49'),
(10, 'เทส2', 'เทส2', 1, 0, '2025-06-17 21:43:06', '2025-06-17 21:43:06');

-- --------------------------------------------------------

--
-- Table structure for table `customer_list`
--

CREATE TABLE `customer_list` (
  `id` int NOT NULL,
  `firstname` text CHARACTER SET utf8mb4 COLLATE utf8mb4_general_ci NOT NULL,
  `middlename` text CHARACTER SET utf8mb4 COLLATE utf8mb4_general_ci,
  `lastname` text CHARACTER SET utf8mb4 COLLATE utf8mb4_general_ci NOT NULL,
  `gender` varchar(100) CHARACTER SET utf8mb4 COLLATE utf8mb4_general_ci NOT NULL,
  `contact` text CHARACTER SET utf8mb4 COLLATE utf8mb4_general_ci NOT NULL,
  `email` text CHARACTER SET utf8mb4 COLLATE utf8mb4_general_ci NOT NULL,
  `address` text CHARACTER SET utf8mb4 COLLATE utf8mb4_general_ci,
  `sub_district` text CHARACTER SET utf8mb4 COLLATE utf8mb4_general_ci,
  `district` text CHARACTER SET utf8mb4 COLLATE utf8mb4_general_ci,
  `province` text CHARACTER SET utf8mb4 COLLATE utf8mb4_general_ci,
  `postal_code` text CHARACTER SET utf8mb4 COLLATE utf8mb4_general_ci,
  `password` text CHARACTER SET utf8mb4 COLLATE utf8mb4_general_ci NOT NULL,
  `avatar` text CHARACTER SET utf8mb4 COLLATE utf8mb4_general_ci,
  `date_created` datetime NOT NULL DEFAULT CURRENT_TIMESTAMP,
  `date_updated` datetime NOT NULL DEFAULT CURRENT_TIMESTAMP ON UPDATE CURRENT_TIMESTAMP
) ENGINE=InnoDB DEFAULT CHARSET=utf8mb4 COLLATE=utf8mb4_general_ci;

--
-- Dumping data for table `customer_list`
--

INSERT INTO `customer_list` (`id`, `firstname`, `middlename`, `lastname`, `gender`, `contact`, `email`, `address`, `sub_district`, `district`, `province`, `postal_code`, `password`, `avatar`, `date_created`, `date_updated`) VALUES
(1, 'Mark', 'D', 'Cooper', 'Male', '0912356498', 'mcooper@mail.com', NULL, NULL, NULL, NULL, NULL, 'c7162ff89c647f444fcaa5c635dac8c3', 'uploads/customers/1.png?v=1675045908', '2023-01-30 10:31:48', '2023-01-30 10:49:25'),
(2, 'jame', 'a', 'huansin', 'Male', '-', 'jame@gmail.com', NULL, NULL, NULL, NULL, NULL, 'fcea920f7412b5da7be0cf42b8c93759', 'uploads/customers/2.png?v=1704643304', '2024-01-07 11:25:47', '2024-01-07 23:01:44'),
(4, 'jame', 'a', 'asd', 'Male', '12', 'asdsa@rr.com', NULL, NULL, NULL, NULL, NULL, 'e10adc3949ba59abbe56e057f20f883e', NULL, '2024-01-07 11:33:40', '2024-01-07 11:33:40'),
(5, 'Beam', 'Beam', 'Beam', 'Female', '0110055', 'Beam@Beam.com', NULL, NULL, NULL, NULL, NULL, 'e10adc3949ba59abbe56e057f20f883e', 'uploads/customers/5.png?v=1707833626', '2024-02-13 21:13:46', '2024-02-13 21:13:46'),
(6, 'แมทิวlnwza', '', 'นาโนวา007', 'Male', '099-999-9999', 'matew999@gmail.com', NULL, NULL, NULL, NULL, NULL, 'fa246d0262c3925617b0c72bb20eeb1d', 'uploads/customers/6.png?v=1747647314', '2025-05-19 16:19:24', '2025-05-19 16:35:14'),
(7, 'สั้น', '', 'ส', 'Male', '088-222-2222', 'short@gmail.com', NULL, NULL, NULL, NULL, NULL, '81dc9bdb52d04dc20036dbd8313ed055', NULL, '2025-05-20 10:09:07', '2025-05-20 10:09:07'),
(8, 'user', '', '1', 'Male', '077-011-1122', 'user1@gmail.com', '21/8', 'นานา', 'เมือง', 'ตรัง', '92222', '81dc9bdb52d04dc20036dbd8313ed055', 'uploads/customers/8.png?v=1747741055', '2025-05-20 18:37:35', '2025-06-14 10:58:36'),
(9, 'นัทตี้', '', 'แต๋วแตก', 'ชาย', '055-555-5656', 'nutty@gmail.com', '55/5', 'ตลกจัง', NULL, 'ขำก๊าก', '55555', '81dc9bdb52d04dc20036dbd8313ed055', 'uploads/customers/9.png?v=1748624417', '2025-05-31 00:00:17', '2025-05-31 00:00:17'),
(10, 'address', '', 'pro', 'ชาย', '011-777-9999', 'address@gmail.com', '21 หมู่ 5 ถนนเพชเกษม', 'นาท่ามเหนือ', 'เมือง', 'ตรัง', '921110', '81dc9bdb52d04dc20036dbd8313ed055', 'uploads/customers/10.png?v=1749005687', '2025-06-04 09:54:47', '2025-06-04 10:00:11'),
(11, 'Address', '', '2', 'หญิง', '011-999-7777', 'address2@gmail.com', '50/5', 'บางรัก', 'บางบ่อ', 'สมุทรปราการ', '10560', '81dc9bdb52d04dc20036dbd8313ed055', 'uploads/customers/11.png?v=1749006171', '2025-06-04 10:02:51', '2025-06-04 10:02:51'),
(12, 'หมาป่าเดียวดาย', '', 'สมาธิ', 'Male', '777-888-9999', 'user2@gmail.com', '33', 'หมาป่า', 'เดียวดาย', 'ตัวเทา', '78945', '81dc9bdb52d04dc20036dbd8313ed055', 'uploads/customers/12.png?v=1749007549', '2025-06-04 10:25:49', '2025-06-24 14:39:48'),
(13, 'ล.เล่เล่เล่', '', 'หัวเรือ', 'Female', '014-528-7575', 'ley@gmail.com', '21/8', 'นานา', 'เมือง', 'ตรัง', '92222', '81dc9bdb52d04dc20036dbd8313ed055', 'uploads/customers/13.png?v=1749030420', '2025-06-04 16:47:00', '2025-06-04 16:55:23'),
(14, 'นายหมาในดำใดดง', 'ณ', 'ป่ามะขาม', 'Male', '011-557-8686', 'wolf@gmail.com', '56/65 ถนนป่าดิบ', 'มะขามเปียก', 'เขียวมะขาม', 'ป่ามะขาม', '11224', '81dc9bdb52d04dc20036dbd8313ed055', 'uploads/customers/14.png?v=1749117170', '2025-06-05 16:52:50', '2025-06-05 16:52:50'),
(15, 'นายเอกวัน', '', 'สองไม่รองใคร', 'Male', '022-555-9898', 'user3@gmail.com', '41 ถนนเส้นตรง', 'โค้งนิด', 'บิดหน่อย', 'ทางเร็ว', '92124', '81dc9bdb52d04dc20036dbd8313ed055', NULL, '2025-06-17 12:58:09', '2025-06-17 13:00:37'),
(16, 'เอกไม', '', 'ไมค์ทองคำ', 'Male', '023-858-9988', 'user4@gmail.com', '32 หมู่ 8 ถนนเสียงบรรเลง', 'ทองคำเปลว', 'ร้องจนหมด', 'หนี้ไม่มี', '88994', '81dc9bdb52d04dc20036dbd8313ed055', NULL, '2025-06-17 13:17:23', '2025-06-17 13:17:23'),
(17, 'นางสาวสามารถ', '', 'ทำได้ดี', 'Male', '068-888-9999', 'user5@gmail.com', '', '', '', '', '', '81dc9bdb52d04dc20036dbd8313ed055', 'uploads/customers/17.png?v=1750141789', '2025-06-17 13:29:27', '2025-06-17 13:29:49'),
(18, 'นายฉันท์ชยา', '', 'ภิญโญ', 'Male', '0828398430', 'faritre5566@gmail.com', '21 หมู่ 5 ถนนเพชรเกษม', 'นาท่ามเหนือ', 'เมือง', 'ตรัง', '92190', '81dc9bdb52d04dc20036dbd8313ed055', 'uploads/customers/18.png?v=1751264120', '2025-06-26 15:42:39', '2025-06-30 13:15:20'),
(19, 'นายชัยมงคล', '', 'คงสี', 'Male', '088-115-5458', 'faritre1@gmail.com', '44 หมู่ 8', 'นาท่ามเหนือ', 'เมือง', 'ตรัง', '92190', '81dc9bdb52d04dc20036dbd8313ed055', NULL, '2025-06-26 15:48:41', '2025-06-26 15:48:41');

-- --------------------------------------------------------

--
-- Table structure for table `order_items`
--

CREATE TABLE `order_items` (
  `order_id` int NOT NULL,
  `product_id` int NOT NULL,
  `quantity` int NOT NULL DEFAULT '0',
  `price` float(12,2) NOT NULL
) ENGINE=InnoDB DEFAULT CHARSET=utf8mb4 COLLATE=utf8mb4_general_ci;

--
-- Dumping data for table `order_items`
--

INSERT INTO `order_items` (`order_id`, `product_id`, `quantity`, `price`) VALUES
(33, 14, 5, 100.00),
(34, 14, 3, 100.00),
(35, 14, 1, 100.00),
(36, 14, 1, 100.00),
(37, 14, 18, 100.00),
(38, 14, 1, 100.00),
(39, 14, 1, 5982.81),
(40, 14, 1, 5982.81),
(41, 27, 8, 587.16),
(42, 14, 4, 5982.81),
(42, 27, 3, 587.16),
(43, 27, 6, 587.16),
(44, 14, 1, 5982.81),
(45, 27, 1, 587.16),
(46, 27, 1, 587.16),
(47, 27, 1, 587.16),
(48, 27, 1, 587.16),
(49, 27, 1, 587.16),
(50, 14, 1, 5982.81),
(51, 14, 2, 5982.81),
(51, 27, 1, 587.16),
(52, 27, 1, 587.16),
(52, 14, 1, 5982.81),
(53, 27, 3, 587.16),
(53, 14, 3, 5982.81),
(54, 27, 5, 587.16),
(54, 14, 5, 5982.81),
(55, 14, 7, 5982.81),
(56, 27, 4, 587.16),
(57, 14, 4, 5982.81),
(58, 14, 1, 5982.81),
(59, 14, 1, 5982.81),
(60, 27, 2, 587.16),
(60, 26, 1, 219.00),
(61, 29, 2, 200.00),
(62, 29, 2, 200.00),
(63, 29, 3, 200.00),
(64, 29, 5, 200.00),
(65, 29, 4, 200.00),
(66, 14, 3, 5982.81),
(66, 29, 4, 200.00),
(67, 25, 1, 288.00),
(68, 25, 1, 288.00),
(69, 27, 1, 587.16),
(70, 20, 1, 640.00),
(71, 29, 2, 200.00),
(72, 25, 1, 288.00),
(73, 14, 1, 11731.00),
(74, 14, 1, 11731.00),
(75, 27, 1, 699.00),
(76, 32, 1, 10000000.00),
(77, 25, 1, 555.00),
(78, 20, 1, 640.00),
(79, 25, 1, 555.00),
(80, 29, 3, 200.00),
(80, 14, 1, 11731.00),
(81, 14, 1, 11731.00),
(82, 14, 1, 11731.00),
(83, 14, 1, 11731.00),
(84, 14, 1, 11731.00),
(85, 14, 1, 11731.00),
(86, 14, 1, 11731.00);

-- --------------------------------------------------------

--
-- Table structure for table `order_list`
--

CREATE TABLE `order_list` (
  `id` int NOT NULL,
  `code` varchar(100) CHARACTER SET utf8mb4 COLLATE utf8mb4_general_ci NOT NULL,
  `customer_id` int NOT NULL,
  `delivery_address` text CHARACTER SET utf8mb4 COLLATE utf8mb4_general_ci NOT NULL,
  `total_amount` float(12,2) NOT NULL DEFAULT '0.00',
  `shipping_methods_id` int DEFAULT NULL,
  `status` tinyint(1) NOT NULL DEFAULT '0' COMMENT '0=pending,\r\n1=packed,\r\n2=out for delivery,\r\n3=paid\r\n',
  `date_created` datetime NOT NULL DEFAULT CURRENT_TIMESTAMP,
  `date_updated` datetime NOT NULL DEFAULT CURRENT_TIMESTAMP ON UPDATE CURRENT_TIMESTAMP,
  `payment_status` tinyint DEFAULT '0' COMMENT '0=ยังไม่ชำระเงิน, 1=รอตรวจสอบ, 2=ชำระเงินแล้ว, 3=ล้มเหลว, 4=คืนเงินแล้ว',
  `delivery_status` tinyint DEFAULT '0' COMMENT '0=ตรวจสอบคำสั่งซื้อ, 1=กำลังเตรียมของ, 2=แพ็คของแล้ว, 3=พัสดุกำลังจัดส่ง, 4=พัสดุจัดส่งสำเร็จ, 5=พัสดุจัดส่งไม่สำเร็จ, 6=คืนของระหว่างทาง, 7=คืนของสำเร็จ',
  `is_seen` tinyint(1) NOT NULL DEFAULT '0'
) ENGINE=InnoDB DEFAULT CHARSET=utf8mb4 COLLATE=utf8mb4_general_ci;

--
-- Dumping data for table `order_list`
--

INSERT INTO `order_list` (`id`, `code`, `customer_id`, `delivery_address`, `total_amount`, `shipping_methods_id`, `status`, `date_created`, `date_updated`, `payment_status`, `delivery_status`, `is_seen`) VALUES
(32, '2025061300006', 8, '21/8, ต.นานา, อ.เมือง, จ.ตรัง, 92222', 1490.00, NULL, 0, '2025-06-13 16:43:24', '2025-06-17 10:57:08', 1, 0, 1),
(33, '2025061700001', 8, '21/8, ต.นานา, อ.เมือง, จ.ตรัง, 92222', 500.00, NULL, 0, '2025-06-17 10:57:33', '2025-06-17 10:57:34', 0, 0, 1),
(34, '2025061700002', 8, '21/8, ต.นานา, อ.เมือง, จ.ตรัง, 92222', 2880.00, NULL, 0, '2025-06-17 11:13:57', '2025-06-17 11:13:58', 0, 0, 1),
(35, '2025061700003', 8, '21/8, ต.นานา, อ.เมือง, จ.ตรัง, 92222', 100.00, NULL, 0, '2025-06-17 11:47:46', '2025-06-17 11:51:32', 0, 0, 1),
(36, '2025061700004', 15, '41 ถนนเส้นตรง, ต.โค้งนิด, อ.บิดหน่อย, จ.ทางเร็ว, 92124', 100.00, NULL, 0, '2025-06-17 13:01:02', '2025-06-17 13:01:04', 0, 0, 1),
(37, '2025061700005', 15, '41 ถนนเส้นตรง, ต.โค้งนิด, อ.บิดหน่อย, จ.ทางเร็ว, 92124', 1800.00, NULL, 0, '2025-06-17 13:08:27', '2025-06-17 13:08:36', 0, 0, 1),
(38, '2025061700006', 16, '32 หมู่ 8 ถนนเสียงบรรเลง, ต.ทองคำเปลว, อ.ร้องจนหมด, จ.หนี้ไม่มี, 88994', 100.00, NULL, 0, '2025-06-17 13:18:08', '2025-06-17 13:18:09', 0, 0, 1),
(39, '2025061700007', 8, '21/8, ต.นานา, อ.เมือง, จ.ตรัง, 92222', 5982.81, NULL, 0, '2025-06-17 20:39:21', '2025-06-18 11:32:01', 2, 1, 1),
(40, '2025061800001', 8, '21/8, ต.นานา, อ.เมือง, จ.ตรัง, 92222', 5982.81, NULL, 0, '2025-06-18 11:31:55', '2025-06-18 11:32:01', 0, 0, 1),
(41, '2025061900001', 8, '21/8, ต.นานา, อ.เมือง, จ.ตรัง, 92222', 4697.28, NULL, 0, '2025-06-19 14:18:07', '2025-06-19 14:18:09', 0, 0, 1),
(42, '2025061900002', 8, '21/8, ต.นานา, อ.เมือง, จ.ตรัง, 92222', 25692.72, NULL, 0, '2025-06-19 14:18:31', '2025-06-19 14:18:33', 0, 0, 1),
(43, '2025061900003', 8, '21/8, ต.นานา, อ.เมือง, จ.ตรัง, 92222', 3522.96, NULL, 0, '2025-06-19 15:44:02', '2025-06-19 15:47:18', 0, 0, 1),
(44, '2025061900004', 8, '21/8, ต.นานา, อ.เมือง, จ.ตรัง, 92222', 5982.81, NULL, 0, '2025-06-19 15:47:23', '2025-06-19 15:47:41', 0, 0, 1),
(45, '2025061900005', 8, '21/8, ต.นานา, อ.เมือง, จ.ตรัง, 92222', 587.16, NULL, 0, '2025-06-19 15:50:14', '2025-06-19 15:50:40', 0, 0, 1),
(46, '2025061900006', 8, '21/8, ต.นานา, อ.เมือง, จ.ตรัง, 92222', 587.16, NULL, 0, '2025-06-19 15:50:47', '2025-06-19 15:50:59', 0, 0, 1),
(47, '2025061900007', 8, '21/8, ต.นานา, อ.เมือง, จ.ตรัง, 92222', 587.16, NULL, 0, '2025-06-19 15:57:38', '2025-06-19 16:00:06', 0, 0, 1),
(48, '2025061900008', 8, '21/8, ต.นานา, อ.เมือง, จ.ตรัง, 92222', 587.16, NULL, 0, '2025-06-19 16:00:14', '2025-06-19 16:02:39', 0, 0, 1),
(49, '2025061900009', 8, '21/8, ต.นานา, อ.เมือง, จ.ตรัง, 92222', 587.16, NULL, 0, '2025-06-19 16:02:53', '2025-06-19 16:02:56', 0, 0, 1),
(50, '2025061900010', 8, '21/8, ต.นานา, อ.เมือง, จ.ตรัง, 92222', 5982.81, NULL, 0, '2025-06-19 16:05:32', '2025-06-19 16:12:10', 0, 0, 1),
(51, '2025062400001', 8, '21/8, ต.นานา, อ.เมือง, จ.ตรัง, 92222', 12602.78, NULL, 0, '2025-06-24 10:46:08', '2025-06-24 10:46:12', 0, 0, 1),
(52, '2025062400002', 8, '21/8, ต.นานา, อ.เมือง, จ.ตรัง, 92222', 6619.97, NULL, 0, '2025-06-24 10:49:31', '2025-06-24 10:49:34', 0, 0, 1),
(53, '2025062400003', 8, '21/8, ต.นานา, อ.เมือง, จ.ตรัง, 92222', 19759.91, NULL, 0, '2025-06-24 10:58:03', '2025-06-24 11:00:02', 0, 0, 1),
(54, '2025062400004', 8, '21/8, ต.นานา, อ.เมือง, จ.ตรัง, 92222', 32899.85, 1, 0, '2025-06-24 11:00:37', '2025-06-24 11:01:42', 0, 0, 1),
(55, '2025062400005', 8, '21/8, ต.นานา, อ.เมือง, จ.ตรัง, 92222', 41929.67, 1, 0, '2025-06-24 11:08:06', '2025-06-24 11:08:40', 0, 0, 1),
(56, '2025062400006', 8, '21/8, ต.นานา, อ.เมือง, จ.ตรัง, 92222', 2378.64, 3, 0, '2025-06-24 11:08:49', '2025-06-24 11:09:01', 0, 0, 1),
(57, '2025062400007', 8, '21/8, ต.นานา, อ.เมือง, จ.ตรัง, 92222', 23981.24, 1, 0, '2025-06-24 11:09:46', '2025-06-24 11:09:52', 0, 0, 1),
(58, '2025062400008', 12, '33, ต.หมาป่า, อ.เดียวดาย, จ.ตัวเทา, 78945', 6020.81, 2, 0, '2025-06-24 14:40:31', '2025-06-24 14:41:07', 0, 0, 1),
(59, '2025062500001', 8, '21/8, ต.นานา, อ.เมือง, จ.ตรัง, 92222', 6032.81, 3, 0, '2025-06-25 04:01:55', '2025-06-25 04:02:11', 0, 0, 1),
(60, '2025062500002', 8, '21/8, ต.นานา, อ.เมือง, จ.ตรัง, 92222', 1443.32, 3, 0, '2025-06-25 04:09:00', '2025-06-25 10:20:46', 0, 0, 1),
(61, '2025062500003', 8, '21/8, ต.นานา, อ.เมือง, จ.ตรัง, 92222', 438.00, 2, 0, '2025-06-25 10:21:01', '2025-06-25 10:21:04', 0, 0, 1),
(62, '2025062600001', 8, '21/8, ต.นานา, อ.เมือง, จ.ตรัง, 92222', 420.00, 6, 0, '2025-06-26 15:28:49', '2025-06-26 15:28:54', 0, 0, 1),
(63, '2025062600002', 8, '21/8, ต.นานา, อ.เมือง, จ.ตรัง, 92222', 638.00, 2, 0, '2025-06-26 15:40:40', '2025-06-26 15:40:40', 0, 0, 0),
(64, '2025062600003', 18, '21 หมู่ 5 ถนนเพชรเกษม, ต.นาท่ามเหนือ, อ.เมือง, จ.ตรัง, 92190', 1020.00, 6, 0, '2025-06-26 15:42:59', '2025-06-26 15:45:11', 0, 0, 1),
(65, '2025062600004', 18, '21 หมู่ 5 ถนนเพชรเกษม, ต.นาท่ามเหนือ, อ.เมือง, จ.ตรัง, 92190', 838.00, 2, 0, '2025-06-26 15:45:24', '2025-06-26 15:46:01', 0, 0, 1),
(66, '2025062600005', 18, '21 หมู่ 5 ถนนเพชรเกษม, ต.นาท่ามเหนือ, อ.เมือง, จ.ตรัง, 92190', 18786.43, 2, 0, '2025-06-26 15:46:10', '2025-06-26 15:47:09', 0, 0, 1),
(67, '2025062600006', 19, '44 หมู่ 8, ต.นาท่ามเหนือ, อ.เมือง, จ.ตรัง, 92190', 326.00, 2, 0, '2025-06-26 15:48:56', '2025-06-26 15:50:03', 0, 0, 1),
(68, '2025062600007', 19, '44 หมู่ 8, ต.นาท่ามเหนือ, อ.เมือง, จ.ตรัง, 92190', 326.00, 2, 0, '2025-06-26 15:50:11', '2025-06-26 15:50:16', 0, 0, 1),
(69, '2025063000001', 18, '21 หมู่ 5 ถนนเพชรเกษม, ต.นาท่ามเหนือ, อ.เมือง, จ.ตรัง, 92190', 625.16, 7, 0, '2025-06-30 10:40:12', '2025-06-30 10:40:24', 0, 0, 1),
(70, '2025063000002', 18, '21 หมู่ 5 ถนนเพชรเกษม, ต.นาท่ามเหนือ, อ.เมือง, จ.ตรัง, 92190', 698.00, 7, 0, '2025-06-30 11:54:14', '2025-06-30 11:55:50', 0, 0, 1),
(71, '2025063000003', 18, '21 หมู่ 5 ถนนเพชรเกษม, ต.นาท่ามเหนือ, อ.เมือง, จ.ตรัง, 92190', 475.00, 3, 0, '2025-06-30 11:54:35', '2025-06-30 11:55:50', 0, 0, 1),
(72, '2025070400001', 19, '44 หมู่ 8, ต.นาท่ามเหนือ, อ.เมือง, จ.ตรัง, 92190', 313.00, 3, 0, '2025-07-04 01:34:42', '2025-07-04 01:34:53', 0, 0, 1),
(73, '2025070800001', 19, '44 หมู่ 8, ต.นาท่ามเหนือ, อ.เมือง, จ.ตรัง, 92190', 11781.00, NULL, 0, '2025-07-08 15:16:32', '2025-07-08 15:16:45', 0, 0, 1),
(74, '2025070800002', 19, '44 หมู่ 8, ต.นาท่ามเหนือ, อ.เมือง, จ.ตรัง, 92190', 11781.00, NULL, 0, '2025-07-08 16:26:00', '2025-07-09 09:10:12', 0, 0, 1),
(75, '2025070800003', 19, '44 หมู่ 8, ต.นาท่ามเหนือ, อ.เมือง, จ.ตรัง, 92190', 744.00, NULL, 0, '2025-07-08 16:31:27', '2025-07-09 09:10:12', 0, 0, 1),
(76, '2025070800004', 19, '44 หมู่ 8, ต.นาท่ามเหนือ, อ.เมือง, จ.ตรัง, 92190', 10000150.00, NULL, 0, '2025-07-08 16:46:12', '2025-07-09 09:10:12', 0, 0, 1),
(77, '2025070900001', 19, '44 หมู่ 8, ต.นาท่ามเหนือ, อ.เมือง, จ.ตรัง, 92190', 600.00, NULL, 0, '2025-07-09 09:17:59', '2025-07-09 09:23:04', 0, 0, 1),
(78, '2025070900002', 19, '44 หมู่ 8, ต.นาท่ามเหนือ, อ.เมือง, จ.ตรัง, 92190', 680.00, NULL, 0, '2025-07-09 09:21:15', '2025-07-09 09:23:04', 0, 0, 1),
(79, '2025070900003', 19, '44 หมู่ 8, ต.นาท่ามเหนือ, อ.เมือง, จ.ตรัง, 92190', 595.00, 3, 0, '2025-07-09 09:32:43', '2025-07-09 09:32:53', 0, 0, 1),
(80, '2025070900004', 19, '44 หมู่ 8, ต.นาท่ามเหนือ, อ.เมือง, จ.ตรัง, 92190', 12381.00, 7, 0, '2025-07-09 10:45:51', '2025-07-09 10:46:01', 0, 0, 1),
(81, '2025070900005', 19, '44 หมู่ 8, ต.นาท่ามเหนือ, อ.เมือง, จ.ตรัง, 92190', 11781.00, 7, 0, '2025-07-09 11:36:41', '2025-07-09 11:37:53', 0, 0, 1),
(82, '2025070900006', 19, '44 หมู่ 8, ต.นาท่ามเหนือ, อ.เมือง, จ.ตรัง, 92190', 11781.00, 3, 0, '2025-07-09 13:23:00', '2025-07-09 13:24:52', 0, 0, 1),
(83, '2025070900007', 19, '44 หมู่ 8, ต.นาท่ามเหนือ, อ.เมือง, จ.ตรัง, 92190', 11781.00, 3, 0, '2025-07-09 13:24:59', '2025-07-09 13:27:31', 0, 0, 1),
(84, '2025070900008', 19, '44 หมู่ 8, ต.นาท่ามเหนือ, อ.เมือง, จ.ตรัง, 92190', 11781.00, 3, 0, '2025-07-09 13:27:40', '2025-07-09 14:10:37', 0, 0, 1),
(85, '2025070900009', 19, '44 หมู่ 8, ต.นาท่ามเหนือ, อ.เมือง, จ.ตรัง, 92190', 11781.00, 3, 0, '2025-07-09 14:10:44', '2025-07-09 14:10:58', 0, 0, 1),
(86, '2025070900010', 19, '44 หมู่ 8, ต.นาท่ามเหนือ, อ.เมือง, จ.ตรัง, 92190', 11781.00, 3, 0, '2025-07-09 14:56:24', '2025-07-09 14:56:24', 0, 0, 0);

-- --------------------------------------------------------

--
-- Table structure for table `product_categories`
--

CREATE TABLE `product_categories` (
  `product_id` int NOT NULL,
  `category_id` int NOT NULL
) ENGINE=InnoDB DEFAULT CHARSET=utf8mb4 COLLATE=utf8mb4_general_ci;

-- --------------------------------------------------------

--
-- Table structure for table `product_links`
--

CREATE TABLE `product_links` (
  `product_id` int NOT NULL,
  `shopee_url` text CHARACTER SET utf8mb4 COLLATE utf8mb4_general_ci,
  `lazada_url` text CHARACTER SET utf8mb4 COLLATE utf8mb4_general_ci,
  `tiktok_url` text CHARACTER SET utf8mb4 COLLATE utf8mb4_general_ci,
  `date_created` datetime NOT NULL DEFAULT CURRENT_TIMESTAMP,
  `date_updated` datetime NOT NULL DEFAULT CURRENT_TIMESTAMP ON UPDATE CURRENT_TIMESTAMP
) ENGINE=InnoDB DEFAULT CHARSET=utf8mb4 COLLATE=utf8mb4_general_ci;

--
-- Dumping data for table `product_links`
--

INSERT INTO `product_links` (`product_id`, `shopee_url`, `lazada_url`, `tiktok_url`, `date_created`, `date_updated`) VALUES
(14, '', '', '', '2025-06-12 10:51:24', '2025-07-08 10:50:58'),
(20, 'https://shopee.co.th/Madcatz-MAD-60-68-HE-%E0%B8%84%E0%B8%B5%E0%B8%A2%E0%B9%8C%E0%B8%9A%E0%B8%AD%E0%B8%A3%E0%B9%8C%E0%B8%94%E0%B8%AA%E0%B8%A7%E0%B8%B4%E0%B8%95%E0%B8%8A%E0%B9%8C%E0%B9%81%E0%B8%A1%E0%B9%88%E0%B9%80%E0%B8%AB%E0%B8%A5%E0%B9%87%E0%B8%81%E0%B8%AA%E0%B9%8D%E0%B8%B2%E0%B8%AB%E0%B8%A3%E0%B8%B1%E0%B8%9A%E0%B9%80%E0%B8%A5%E0%B9%88%E0%B8%99%E0%B9%80%E0%B8%81%E0%B8%A1-61-68-%E0%B8%84%E0%B8%B5%E0%B8%A2%E0%B9%8C-Latency-%E0%B8%95%E0%B9%88%E0%B9%8D%E0%B8%B2-Full-Key-Hot-Swap-i.145792167.26366613520', '', '', '2025-06-17 13:40:27', '2025-06-30 11:47:03'),
(21, 'https://shopee.co.th/iHAVECPU-HEADSET-(%E0%B8%AB%E0%B8%B9%E0%B8%9F%E0%B8%B1%E0%B8%87)-iHAVECPU-MUSES-WITH-MIC-(BLACK-RED)-i.15422060.25650552218', '', '', '2025-06-17 13:43:16', '2025-06-17 13:43:16'),
(22, 'https://shopee.co.th/-%E0%B8%9B%E0%B8%A3%E0%B8%B0%E0%B8%81%E0%B8%B1%E0%B8%99%E0%B8%A8%E0%B8%B9%E0%B8%99%E0%B8%A2%E0%B9%8C%E0%B9%84%E0%B8%97%E0%B8%A2-FiiO-JD10-%E0%B8%AB%E0%B8%B9%E0%B8%9F%E0%B8%B1%E0%B8%87-IEMs-%E0%B9%84%E0%B8%94%E0%B8%A3%E0%B9%80%E0%B8%A7%E0%B8%AD%E0%B8%A3%E0%B9%8C-Dynamic-%E0%B8%AA%E0%B8%B8%E0%B8%94%E0%B8%84%E0%B8%B8%E0%B9%89%E0%B8%A1-%E0%B8%AA%E0%B8%B3%E0%B8%AB%E0%B8%A3%E0%B8%B1%E0%B8%9A%E0%B9%80%E0%B8%A5%E0%B9%88%E0%B8%99%E0%B9%80%E0%B8%81%E0%B8%A1-%E0%B8%A3%E0%B8%AD%E0%B8%87%E0%B8%A3%E0%B8%B1%E0%B8%9A-Hi-Res-i.1819391.29563989283', '', '', '2025-06-17 13:48:50', '2025-06-17 13:48:50'),
(23, 'https://shopee.co.th/(%E0%B9%81%E0%B8%9E%E0%B9%87%E0%B8%81-12)-Muek-Groob-%E0%B8%AB%E0%B8%A1%E0%B8%B6%E0%B8%81%E0%B8%81%E0%B8%A3%E0%B8%B8%E0%B8%9A-%E0%B9%80%E0%B8%AA%E0%B9%89%E0%B8%99%E0%B8%9A%E0%B8%B8%E0%B8%81%E0%B8%9B%E0%B8%A3%E0%B8%B8%E0%B8%87%E0%B8%A3%E0%B8%AA%E0%B8%AB%E0%B8%A1%E0%B9%88%E0%B8%B2%E0%B8%A5%E0%B9%88%E0%B8%B2-%E0%B8%AA%E0%B8%B9%E0%B8%95%E0%B8%A3%E0%B8%94%E0%B8%B1%E0%B9%89%E0%B8%87%E0%B9%80%E0%B8%94%E0%B8%B4%E0%B8%A1-%E0%B8%AB%E0%B8%A1%E0%B8%B6%E0%B8%81%E0%B8%81%E0%B8%A3%E0%B8%B8%E0%B8%9A%E0%B8%8B%E0%B8%B1%E0%B8%99%E0%B8%8B%E0%B8%B8-sunsu-i.214411437.25928257606', '', '', '2025-06-17 13:52:22', '2025-06-17 13:52:22'),
(24, 'https://shopee.co.th/Llamito-%E0%B8%9C%E0%B8%87%E0%B8%A1%E0%B8%B1%E0%B8%97%E0%B8%89%E0%B8%B0-%E0%B8%AD%E0%B8%AD%E0%B8%A3%E0%B9%8C%E0%B9%81%E0%B8%81%E0%B8%99%E0%B8%B4%E0%B8%84-(Matcha-Powder)-%E0%B8%82%E0%B8%99%E0%B8%B2%E0%B8%94-250g-i.18117499.10946816382', '', '', '2025-06-17 14:22:06', '2025-06-17 14:22:06'),
(25, 'https://shopee.co.th/%F0%9F%94%A5%E0%B8%AA%E0%B8%B4%E0%B8%99%E0%B8%84%E0%B9%89%E0%B8%B2%E0%B8%82%E0%B8%B2%E0%B8%A2%E0%B8%94%E0%B8%B5%E0%B8%97%E0%B8%B5%E0%B9%88%E0%B8%AA%E0%B8%B8%E0%B8%94%F0%9F%94%A5-Monster-XKT02-BT-5.3-%E0%B8%AB%E0%B8%B9%E0%B8%9F%E0%B8%B1%E0%B8%87-%E0%B8%AB%E0%B8%B9%E0%B8%9F%E0%B8%B1%E0%B8%87%E0%B8%9A%E0%B8%A5%E0%B8%B9%E0%B8%97%E0%B8%B9%E0%B8%98-%E0%B8%AB%E0%B8%B9%E0%B8%9F%E0%B8%B1%E0%B8%87%E0%B9%84%E0%B8%A3%E0%B9%89%E0%B8%AA%E0%B8%B2%E0%B8%A2-%E0%B8%AB%E0%B8%B9%E0%B8%9F%E0%B8%B1%E0%B8%87-monster-HIFI-i.886198470.20357703411?sp_atk=c97ab49a-a5e3-4e76-8dc9-7da9c262f62f&xptdk=c97ab49a-a5e3-4e76-8dc9-7da9c262f62f', '', '', '2025-06-17 14:25:31', '2025-07-08 10:55:57'),
(26, 'https://shopee.co.th/Jeep-JP-EW011-%E0%B8%AB%E0%B8%B9%E0%B8%9F%E0%B8%B1%E0%B8%87%E0%B8%9A%E0%B8%A5%E0%B8%B9%E0%B8%97%E0%B8%B9%E0%B8%98%E0%B9%84%E0%B8%A3%E0%B9%89%E0%B8%AA%E0%B8%B2%E0%B8%A2-HiFi-HD-Call-%E0%B8%A5%E0%B8%94%E0%B9%80%E0%B8%AA%E0%B8%B5%E0%B8%A2%E0%B8%87%E0%B8%A3%E0%B8%9A%E0%B8%81%E0%B8%A7%E0%B8%99-%E0%B8%88%E0%B8%B1%E0%B8%9A%E0%B8%84%E0%B8%B9%E0%B9%88%E0%B9%80%E0%B8%A3%E0%B9%87%E0%B8%A7%E0%B8%AB%E0%B8%B9%E0%B8%9F%E0%B8%B1%E0%B8%87%E0%B8%9A%E0%B8%A5%E0%B8%B9%E0%B8%97%E0%B8%B9%E0%B8%98-%E0%B8%9E%E0%B8%A3%E0%B9%89%E0%B8%AD%E0%B8%A1%E0%B9%84%E0%B8%A1%E0%B9%82%E0%B8%84%E0%B8%A3%E0%B9%82%E0%B8%9F%E0%B8%99-i.1049006465.23762574879?sp_atk=26742576-54f0-444a-8da6-7efd6255b5ad&xptdk=26742576-54f0-444a-8da6-7efd6255b5ad', '', '', '2025-06-17 14:27:14', '2025-06-17 14:27:14'),
(27, '', '', '', '2025-06-17 14:30:06', '2025-07-08 15:24:29'),
(29, '', '', '', '2025-06-25 09:56:39', '2025-06-26 14:00:13'),
(30, '', '', '', '2025-06-30 09:37:04', '2025-07-08 11:00:01'),
(31, '', '', '', '2025-07-08 10:57:13', '2025-07-08 10:57:13'),
(32, '', '', '', '2025-07-08 10:58:49', '2025-07-08 11:04:32');

-- --------------------------------------------------------

--
-- Table structure for table `product_list`
--

CREATE TABLE `product_list` (
  `id` int NOT NULL,
  `category_id` int NOT NULL,
  `brand` text CHARACTER SET utf8mb4 COLLATE utf8mb4_general_ci NOT NULL,
  `name` text CHARACTER SET utf8mb4 COLLATE utf8mb4_general_ci NOT NULL,
  `description` text CHARACTER SET utf8mb4 COLLATE utf8mb4_general_ci NOT NULL,
  `dose` varchar(250) CHARACTER SET utf8mb4 COLLATE utf8mb4_general_ci NOT NULL DEFAULT '',
  `price` float(12,2) NOT NULL,
  `image_path` text CHARACTER SET utf8mb4 COLLATE utf8mb4_general_ci,
  `status` tinyint(1) NOT NULL DEFAULT '1',
  `delete_flag` tinyint(1) NOT NULL DEFAULT '0',
  `date_created` datetime NOT NULL DEFAULT CURRENT_TIMESTAMP,
  `date_updated` datetime NOT NULL DEFAULT CURRENT_TIMESTAMP ON UPDATE CURRENT_TIMESTAMP,
  `discount_type` enum('amount','percent') CHARACTER SET utf8mb4 COLLATE utf8mb4_general_ci DEFAULT NULL,
  `discount_value` float DEFAULT NULL,
  `discounted_price` float DEFAULT NULL,
  `product_width` float(10,2) DEFAULT NULL,
  `product_length` float(10,2) DEFAULT NULL,
  `product_height` float(10,2) DEFAULT NULL,
  `product_weight` float(10,2) DEFAULT NULL,
  `slow_prepare` tinyint(1) NOT NULL DEFAULT '0',
  `sku` varchar(100) CHARACTER SET utf8mb4 COLLATE utf8mb4_general_ci DEFAULT NULL
) ENGINE=InnoDB DEFAULT CHARSET=utf8mb4 COLLATE=utf8mb4_general_ci;

--
-- Dumping data for table `product_list`
--

INSERT INTO `product_list` (`id`, `category_id`, `brand`, `name`, `description`, `dose`, `price`, `image_path`, `status`, `delete_flag`, `date_created`, `date_updated`, `discount_type`, `discount_value`, `discounted_price`, `product_width`, `product_length`, `product_height`, `product_weight`, `slow_prepare`, `sku`) VALUES
(14, 1, ' GALAX(แกลแล็กซ์)', 'VGA GALAX GEFORCE RTX 4060 1-CLICK 2X V3 OC - 8GB GDDR6', 'Brand : GALAX\r\n\r\nModel : 1-CLICK 2X V3 OC\r\n\r\nGPU : NVIDIA GeForce RTX 4060\r\n\r\nCUDA Core / Stream Processors : 3072\r\n\r\nCore Clock : 2475 MHz\r\n\r\n1-Click OC Clock: 2490MHz*\r\n\r\n*(by installing Xtreme Tuner Plus Software and using 1-Click OC)\r\n\r\nMemory Clock : 17 Gbps\r\n\r\nMemory Size : 8 GB\r\n\r\nMemory Type : GDDR6\r\n\r\nMemory Interface : 128 bit\r\n\r\nBus Interface : PCI-E 4.0\r\n\r\nHDMI : 1 port\r\n\r\nDisplayPort : 3 port\r\n\r\nDVI : None\r\n\r\nD-Sub (VGA) : None\r\n\r\nMini HDMI : None\r\n\r\nMini DisplayPort : None\r\n\r\nUSB : None\r\n\r\nMicrosoft DirectX Support : 12 Ultimate\r\n\r\nOpenGL : 4.6\r\n\r\nMaximum Resolution : 7680x4320\r\n\r\nPower Input : 1 x 8-pin\r\n\r\nPower Supply Requirement : 550W\r\n\r\nWindows Support : 10/11\r\n\r\nVGA Length : 251mm\r\n\r\nDimension (W x D x H) : 13.30 x 25.10 x 4.10 cm\r\n\r\nNet Weight : 0.00\r\n\r\nPackage Dimension (W x D x H) : 0.00 x 0.00 x 0.00 cm\r\n\r\nGross Weight : 0.00\r\n\r\nVolume : 0.00\r\n\r\nประกัน : 3 ปี', '', 11731.00, 'uploads/product//1_Screenshot 2025-06-12 105117.png?v=1750127763', 1, 0, '2025-06-12 10:51:24', '2025-07-08 10:49:39', NULL, NULL, NULL, 15.00, 30.00, 15.00, 1500.00, 0, '1'),
(20, 6, 'Madcatz', 'Madcatz MAD 60/68 HE คีย์บอร์ดสวิตช์แม่เหล็กสําหรับเล่นเกม 61/68 คีย์ Latency ต่ํา Full Key Hot Swap', '🎉สวัสดีค่ะ. ยินดีต้อนรับสู่ &quot;สถานีอวกาศ&quot; ยินดีให้บริการครับ\r\n👉ของแท้100%! รับประกันหนึ่งปี!\r\n🎁เช็คสินค้าก่อนส่ง! แผ่นกันกระแทก! มาพร้อมของขวัญเล็กๆ น้อยๆ!\r\n🚚 จัดส่งภายใน 24 ชั่วโมง! มาถึงประมาณ 1-2 วัน!\r\n📣ราคาโปรโมชั่น + คูปอง = คุ้มกว่า\r\n❤ติดตามร้านค้าของเรา! เป็นแฟนของเราและเพลิดเพลินกับส่วนลด 2% เมื่อทำการสั่งซื้อ! และเพลิดเพลินกับการรับประกันนาน 2 ปี\r\n✨【โปรดยืนยันว่าสินค้าอยู่ในสภาพดีก่อนที่จะคลิก &quot;ยืนยันการรับ&quot; มิฉะนั้นหน้าต่างการคืนสินค้าจะถูกปิด】\r\n\r\nข้อกำหนดเบื้องต้น\r\nยี่ห้อ Madcatz ยี่ห้อ: Madcatz\r\nชื่อสินค้า: US-Canada MMAD 60 / 68HE Electric:\r\nเอฟเฟกต์แสงพื้นหลัง: ไม่มีด้าน\r\nจำนวนปุ่ม: 61-70 ปุ่ม / RGB\r\nการเชื่อมต่ออุปกรณ์พร้อมกัน: 1 เครื่อง\r\nประเภทปลั๊ก: Hot-swap พร้อมปุ่มทั้งหมด\r\nระบบที่รองรับ: Windows, MacOS\r\nการเชื่อมต่อ: มีสาย\r\nประเภท: แป้นพิมพ์เชิงกลที่กำหนดเอง', '', 2215.00, 'uploads/product//Screenshot 2025-06-17 134019.png?v=1750142427', 1, 0, '2025-06-17 13:40:27', '2025-06-30 11:47:03', 'amount', 1575, 640, NULL, NULL, NULL, 2.20, 0, 'MADCATZ-MAD-60-68-HE'),
(21, 7, 'iHAVECPU', 'iHAVECPU HEADSET (หูฟัง) iHAVECPU MUSES WITH MIC (BLACK/RED)', 'iHAVECPU HEADSET (หูฟัง) iHAVECPU MUSES WITH MIC (BLACK/RED)\r\n\r\n iHAVECPU MUSES WITH MIC หูฟังรุ่น Exclusive จาก iHAVECPU   โดยได้รับแรงบันดาลใจจากเทพธิดา &quot;มิวส์&quot; ผู้ขับร้องบทเพลงอันแสนไพเราะที่แม้แต่เทพเจ้ายังต้องเงี่ยโสดสดับฟัง\r\n\r\nคุณสมบัติสินค้า\r\n\r\n● Headset Brand : KZ\r\n● Color : BLACK / RED\r\n● Connector : 3.5 mm.\r\n● Driver Unit : 10mm.\r\n● Frequency Response : 20Hz ~ 40000 Hz\r\n● Sensitivity : 103+/-3dB\r\n● Input Impedance : 23 Ohms\r\n● Mic. Sensitivity : 112dB\r\n● Warranty : 3 Months\r\n\r\n#เก็บเงินปลายทางได้ครับ\r\n\r\niHAVECPU ถ้าคุณชอบคอมพิวเตอร์ เราคือเพื่อนกัน\r\nบริษัท ไอ แฮฟ ซีพียู จำกัด', '', 290.00, 'uploads/product//Screenshot 2025-06-17 134311.png?v=1750142596', 1, 0, '2025-06-17 13:43:16', '2025-06-17 13:43:16', NULL, NULL, NULL, NULL, NULL, NULL, NULL, 0, NULL),
(22, 7, 'FiiO', '[ประกันศูนย์ไทย] FiiO JD10 หูฟัง IEMs ไดรเวอร์ Dynamic สุดคุ้ม สำหรับเล่นเกม รองรับ Hi-Res', 'FiiO JD10\r\n\r\nหูฟัง IEMs ไดรเวอร์ Dynamic สุดคุ้ม สำหรับเล่นเกม ประกันศูนย์ไทย\r\nประกันศูนย์ไทย 1 ปี\r\n&quot;ตามเงื่อนไขการรับประกัน&quot;\r\nสินค้าประเภท : IEMs, Inear, หูฟังอินเอียร์\r\nไดรเวอร์ : Dynamic 10 mm\r\nสายหูฟัง : ทองแดง OFC\r\nขั้วหูฟัง : 2พิน0.78\r\nรุ่นที่มีจำหน่าย : 3.5 ไมค์ (ถอดสายได้)/ TypeC (ถอดสายไม่ได้)\r\nไมค์ = แจ๊คขนาด 3.5mm แต่มีไมค์โครโฟนสำหรับคุยสาย\r\nType C = แจ๊คแบบ Type C และ มีไมค์โครโฟน (สำหรับมือถือ Type C เท่านั้น)\r\n\r\nFiiO JD10\r\nหูฟัง IEMs ไดรเวอร์ Dynamic สุดคุ้มราคาจับต้องได้ สำหรับคอ HiFi หรือสำหรับการเล่นเกม\r\nหูฟังเลือกใช้ดรเวอร์ Dynamic ขนาด 10 มม. ไดอะแฟรมโพลีเมอร์คอมโพสิตความแข็งสูง\r\nให้เสียงเบสที่หนักแน่นและเต็มอิ่ม ใช้คอยล์เสียง CCAW ของญี่ปุ่นขนาด 0.033 มม.\r\nที่เบากว่า แข็งแกร่งกว่า ให้เสียงสูงได้ง่ายขึ้น ตอบสนองได้ไวขึ้น ใช้แม่เหล็กนีโอไดเมียม\r\nโบรอนเหล็กประสิทธิภาพสูง N52 ช่วยให้ไดรเวอร์ทำงานได้อย่างเต็มประสิทธิภาพ\r\nใช้การออกแบบอะคูสติกแบบช่องคู่ โดยมีระบบควบคุมท่อนำเสียงในแต่ละโพรง\r\nช่วยลดการบิดเบือนของเสียงช่วยเพิ่มการเคลื่อนไหวของไดอะแฟรม การออกแบบนี้\r\nจะช่วยให้ JD10 สามารถจับรายละเอียดต่างๆ ได้มากขึ้น ส่งผลให้ได้เบสที่รวดเร็ว\r\nผสมผสานกับเสียงกลางและเสียงแหลมได้อย่างลงตัวเพื่อให้ได้เสียงที่น่าฟังอย่างแท้จริง\r\n\r\nข้อมูลสินค้าเบื้องต้น\r\nไดรเวอร์ Dynamic 10 มม.\r\nไดอะแฟรมโพลีเมอร์คอมโพสิต\r\nการออกแบบช่องคู่\r\nคอยล์เสียง CCAW ของญี่ปุ่นขนาด 0.033 มม.\r\nแม่เหล็กนีโอไดเมียมโบรอนเหล็กประสิทธิภาพสูง N52\r\nกำลังขับ 32 Ohm@1kHz\r\nตอบสนองความถี่ 20 - 40 kHz\r\nความไวเสียง 105 dB/mW@1kHz\r\nสายหูฟัง OFC ปราศจากออกซิเจนความบริสุทธิ์สูง\r\nรองรับการควบคุมแบบ ln-ine พร้อมไมค์ในตัว\r\nชิปถอดรหัส DSP รองรับ 24bit/384kHz (เฉพาะรุ่น TypeC)\r\nพร้อมตั้งค่าจูนในตัว 6 แบบ (เฉพาะรุ่นTypeC)\r\nรองรับทุกแพลตฟอร์มและอุปกรณ์ (เฉพาะรุ่นTypeC)\r\nน้ำหนักเบาเพียง 3.7 กรัม (ไม่รวมสาย\r\nรองรับ Hi-Res\r\n\r\nJD10 ถือเป็นมาตรฐานสำหรับคุณภาพเสียงระดับเริ่มต้น โดยมีไดอะแฟรมโพลีเมอร์\r\nคอมโพสิตขนาด 10 มม. ที่ได้รับการคัดสรรมาอย่างพิถีพิถัน ไดอะแฟรมนี้มีความแข็งสูง\r\nความผิดเพี้ยนต่ำ และมีการหน่วงเสียงที่เหมาะสม ช่วยให้เสียงเบสที่หนักแน่นและเต็มอิ่ม\r\nซึ่งผสมผสานกับเสียงกลางและเสียงแหลมได้อย่างลงตัวเพื่อให้ได้เสียงที่น่าฟัง\r\nอย่างแท้จริง นอกจากนี้ ด้วยการปรับแต่งเสียงอย่างพิถีพิถันซึ่งใช้ประโยชน์จากความแข็ง\r\nของไดอะแฟรม ทำให้ JD10 มีความละเอียดสูงในลักษณะที่ไม่ค่อยพบเห็นในหูฟังรุ่นเดียวกัน\r\nสามารถสร้างรายละเอียดเสียงที่ละเอียดอ่อนได้\r\nเสียงเบสที่เร้าใจ ประสบการณ์ที่น่าตื่นตาตื่นใจ การออกแบบช่องคู่\r\nJD10 ใช้การออกแบบอะคูสติกแบบช่องคู่ โดยมีระบบควบคุมท่อนำเสียงในแต่ละโพรง\r\nการควบคุมการหน่วงการไหลของอากาศที่แม่นยำนี้ช่วยลดการบิดเบือนของเสียง\r\nช่วยเพิ่มการเคลื่อนไหวของไดอะแฟรมและการขยายเสียงเบสได้อย่างมีประสิทธิภาพ\r\nเมื่อฟังเพลงที่ซับซ้อน การออกแบบนี้จะช่วยให้ JD10 สามารถจับรายละเอียดต่างๆ\r\nในโน้ตเบสได้มากขึ้น ส่งผลให้ได้เบสที่รวดเร็วและมีรายละเอียดที่สดชื่น\r\nคอยล์เสียง CCAW ของญี่ปุ่นขนาด 0.033 มม.\r\nเบากว่า แข็งแกร่งกว่า\r\nเพื่อส่งมอบเสียงที่มีคุณภาพสูงขึ้นจากไดรเวอร์ JD10 จึงใช้คอยล์เสียง CCAW แบบพิเศษ\r\nของญี่ปุ่นที่มีความละเอียดพิเศษ โดยมีเส้นผ่านศูนย์กลางลวดเพียงประมาณ 0.033 มม.\r\nคอยล์เสียงนี้ช่วยลดมวลรวมของไดรเวอร์ได้อย่างมากเนื่องจากความบางของสาย\r\nและคุณสมบัติของ CCAW ส่งผลให้ไดรเวอร์สามารถผลิตเสียงที่มีระดับเสียงสูงขึ้นได้ง่ายขึ้น\r\nและยังช่วยปรับปรุงการตอบสนองชั่วขณะอีกด้วย ผลลัพธ์ที่ได้คือเสียงที่สะอาดและน่าฟังยิ่งขึ้น\r\nแม่เหล็กประสิทธิภาพสูงภายนอก N52\r\nคุณภาพเสียงอันทรงพลังที่แข็งแกร่ง\r\nJD10 ใช้การออกแบบแม่เหล็กภายนอก ซึ่งทำให้สามารถใช้แม่เหล็กขนาดใหญ่ขึ้นได้\r\nซึ่งจะห่อหุ้มคอยล์เสียงได้อย่างมีประสิทธิภาพมากขึ้น และทำให้เสียงมีพลังมากขึ้น\r\nแม่เหล็กนีโอไดเมียมโบรอนเหล็กประสิทธิภาพสูง N52 ได้รับการเลือกใช้เนื่องจาก\r\nมีพลังงานมากเพียงพอและสามารถให้แรงกระทำได้ทั่วถึงในพื้นที่กว้างอย่างสม่ำเสมอ\r\nช่วยให้ไดรเวอร์ทำงานได้อย่างเต็มประสิทธิภาพ\r\nมีชิปถอดรหัสในตัว (เฉพาะรุ่นTypeC)\r\nชิป DSP อิสระ\r\nJD10 TC มีชิป DSP อิสระประสิทธิภาพสูงในตัว* ช่วยให้คุณฟังเสียงความละเอียดสูง\r\nได้อย่างง่ายดายและสะดวกสบายโดยไม่ต้องใช้อุปกรณ์อื่นใด\r\nรองรับการถอดรหัสเสียงแบบไม่สูญเสียข้อมูล 384kHz/24bit\r\nJD10 TC รองรับการถอดรหัส 384kHz/24bit ซึ่งถือว่าดีที่สุดในระดับเดียวกัน\r\n\r\nคุณสามารถรับฟังเสียงความละเอียดสูงได้อย่างแท้จริงแม้ในอุปกรณ์ระดับเริ่มต้นนี้\r\nสายเคเบิลระดับออดิโอไฟล์ เส้นทางตรงสู่ระบบ HiFi\r\nแกนลวดตัวนำทำจากทองแดงปราศออกซิเจนที่มีความบริสุทธิ์สูง\r\nสามารถส่งสัญญาณเสียงที่สมบูรณ์ได้โดยไม่เกิดข้อผิดพลาด\r\nช่วยให้คุณดื่มด่ำกับโลกแห่งเสียงที่มีความเที่ยงตรงสูงได้ง่ายขึ้น\r\n*เวอร์ชัน JD10 TC ไม่รองรับการออกแบบสายเคเบิลแบบถอดเปลี่ยนได้ 2 พิน 0.78 มม.\r\n\r\nสินค้าประกอบไปด้วย\r\n1. กล่องสินค้า\r\n2. บัตรรับประกัน\r\n3. สายหูฟัง OFC ขั้ว 2พิน 0.78 (เฉพาะรุ่นปกติ)\r\n4. จุกหูฟัง 3 คู่ เล็ก/กลาง/ใหญ่ (ติดตั้งขนาดกลางให้ล่วงหน้า)\r\n\r\nหากลูกค้าสงสัยเงื่อนไขการรับประกันสินค้าข้อใด สามารถสอบถามเข้ามาได้\r\n\r\n#FiiO', '', 752.00, 'uploads/product//Screenshot 2025-06-17 134844.png?v=1750142930', 1, 0, '2025-06-17 13:48:50', '2025-06-17 13:48:50', 'percent', 50, 376, NULL, NULL, NULL, NULL, 0, NULL),
(23, 8, ' Sunsu(ซันซุ)', '(แพ็ก 12) Muek Groob หมึกกรุบ เส้นบุกปรุงรสหม่าล่า สูตรดั้งเดิม หมึกกรุบซันซุ sunsu', 'สินค้าประกอบด้วย \r\n\r\n1.หมึกกรุบ เส้นบุกปรุงรสหม่าล่า สูตรดั้งเดิม จำนวน 12 ซอง\r\n___________________\r\n\r\n&quot;หมึกกรุบ ชุบมื้ออร่อยให้ตัวคุณ&quot;\r\n🔥 เส้นบุกปรุงรสหม่าล่า\r\n🔥 อร่อย กินเพลิน ได้รสชาติหม่าล่าแท้ๆ\r\n🔥 ทุกสายต้องมีหมึกกรุบ ไม่ว่าจะเป็น สายกินเดี่ยวๆ สายดื่ม สายด่วนกินแบบเร่งรีบ สายดูดเส้น สายไหนก็กินเพลิน\r\n🔥 เพิ่มรสชาติให้มื้ออาหาร กินเดี่ยวอร่อยกรึบ กินคู่อร่อยกรุบ\r\n🔥 ทั้งซองเพียง 25 กิโลแคล หรือประมาณ 4 กิโลแคลต่อซองเล็ก เท่านั้น !!\r\n🔥 ไม่มี คลอเรสโตรอล ไขมันต่ำ\r\n🔥 Size Mini ทานได้สะดวก พร้อมอร่อยได้ทุกที่ ทุกเวลา\r\n\r\nรูปแบบสินค้า\r\n▪️ 1 ซอง บรรจุ 6 ซองเล็ก\r\n▪️ 1 ซอง น้ำหนักสุทธิ 50 กรัม (6 ชิ้น x 8.3 กรัม)\r\n▪️ สินค้ามีอายุ 9 เดือน นับจากวันที่ผลิต\r\n▪️ Product of SUNSU\r\n\r\n#หมึกกรุบ #ชุบมื้ออร่อยให้ตัวคุณ #กินเดี่ยวอร่อยกรึบกินคู่อร่อยกรุบ #ความสุขที่ไม่รู้สึกผิด #SUNSU\r\n___________________\r\n\r\nคำถามที่พบบ่อย\r\n\r\n1) การแก้ไขข้อมูลจัดส่ง และการยกเลิกออเดอร์\r\nทางร้านไม่สามารถแก้ไขข้อมูลชื่อ ที่อยู่ เบอร์โทรคุณลูกค้า หลังได้รับคำสั่งซื้อเข้ามาในระบบ กรุณาตรวจสอบข้อมูลให้ถูกต้องก่อนการกดสั่งซื้อสินค้าทุกครั้ง หากข้อมูลผิด รบกวนทำการยกเลิกออเดอร์พร้อมแจ้งผ่านแชทร้านค้า เพื่อให้ทางร้านตรวจสอบสถานะการจัดออเดอร์กับทางคลังสินค้า หากได้รับการอนุมัติคำขอ จึงค่อยทำการสั่งซื้อเข้ามาใหม่นะคะ\r\n2) ระยะเวลาการจัดส่งสินค้า\r\nใช้เวลาจัดส่งสินค้า กทม. - ปริมณฑล 2-3 วัน, ต่างจังหวัด 3-5 วัน นับจากวันที่สั่งซื้อสินค้าเข้ามาในระบบเรียบร้อย (ไม่รวมวันหยุดเสาร์-อาทิตย์ และวันหยุดนักขัตฤกษ์)\r\n3) การออกใบกำกับภาษี/ใบเสร็จรับเงิน\r\nคุณลูกค้าสามารถแจ้งความประสงค์ขอรับใบกำกับภาษี/ใบเสร็จรับเงิน ผ่านแชทร้านค้า โดยหากต้องการใบกำกับภาษีเต็มรูป &quot;กรุณาแจ้งภายใน 15 วันหลังสั่งซื้อสินค้า และกดยอมรับสินค้าในระบบ&quot;\r\nทางบริษัทจะออกใบกำกับภาษี/ใบเสร็จรับเงิน ให้กับทางลูกค้าภายใน 14 วันทำการ นับจากวันที่แจ้งขอเข้ามา (จะออกใบกำกับภาษีหลังจากลูกค้ากดรับสินค้าแล้วเท่านั้นนะคะ)\r\n\r\nขอบคุณค่ะ🙏', '', 300.00, 'uploads/product//Screenshot 2025-06-17 135217.png?v=1750143142', 1, 0, '2025-06-17 13:52:22', '2025-06-17 13:52:22', 'percent', 13, 261, NULL, NULL, NULL, NULL, 0, NULL),
(24, 9, 'Llamito', 'Llamito ผงมัทฉะ ออร์แกนิค (Matcha Powder) ขนาด 250g', 'ผงมัทฉะ ออร์แกนิค ตรา ยามิโตะ\r\nOrganic Matcha Powder (Llamito Brand)\r\n\r\nรายละเอียดสินค้า \r\nชื่อผลิตภัณฑ์ (ไทย) : ผงมัทฉะ ออร์แกนิค\r\nชื่อผลิตภัณฑ์ (อังกฤษ) : Organic Matcha Powder\r\nขนาดบรรจุ : 250 กรัม\r\nส่วนประกอบสำคัญ : ผงมัทฉะ ออร์แกนิค (Organic Matcha Powder) 100%\r\nเลขอย. : 1240095960030\r\n\r\nวิธีการรับประทาน  \r\nชงดื่มครั้งละ 1-2 ช้อน (สามารถปรับปริมาณความเข้มได้ตามชอบ) ในน้ำประมาณ 150-200 ml\r\nปั่นพร้อมกับผลไม้หรือสมูทตี้\r\nนำมาเขย่าในขวด Shake ทำให้ละลายได้อย่างทั่วถึง\r\nสามารถชงดื่มได้ตอนท้องว่าง ทั้งช่วงเช้าหรือเย็น\r\n\r\nวิธีการเก็บรักษา: หลังเปิดใช้งาน ควรปิดฝาให้สนิทและเก็บไว้ในตู้เย็น หรือในที่แห้ง หลีกเลี่ยงแสงแดดและความชื้น\r\n\r\nLlamito “Make your lifestyle healthier”', '', 900.00, 'uploads/product//Screenshot 2025-06-17 142159.png?v=1750144926', 1, 0, '2025-06-17 14:22:06', '2025-06-17 14:22:06', 'amount', 410, 490, NULL, NULL, NULL, NULL, 0, NULL),
(25, 7, ' Monster', '🔥สินค้าขายดีที่สุด🔥 Monster XKT02 BT 5.3 หูฟัง หูฟังบลูทูธ หูฟังไร้สาย หูฟัง monster HIFI', 'ยี่ห้อ Monster รุ่น: XKT02\r\nเวอร์ชันบลูทู ธ: 5.3\r\nประเภทสินค้า:หูฟังบลูทู ธ\r\nอินเทอร์เฟซการชาร์จแบบชาร์จไฟ: Type-C\r\nระยะการส่งสัญญาณบลูทู ธ: 10M\r\nความจุแบตเตอรี่ของหูฟัง: 40mAh\r\nความจุแบตเตอรี่ของห้องชาร์จ: 300mAh\r\nเกรดกันน้ำ: IPX54\r\nฟังก์ชั่นรีโมทคอนโทรล: การควบคุมแบบไร้สาย\r\n\r\nในรายการรวมด้วย:\r\n1 * หูฟัง\r\n1 * คู่มือการใช้งาน \r\n1 * สายชาร์จ\r\n1 * กล่องชาร์จ\r\n\r\nหากสินค้ามีปัญหาทักหาร้านค้าก่อนให้คะแนน\r\nไม่มีกล่องสินค้าทางร้านไม่รับผิดชอบทุกกรณี\r\nโปรดเก็บกล่องสินค้า/ใบเคลมไว้ตลอดระยะเวลาที่สินค้ามีประกัน', '', 1110.00, 'uploads/product//Screenshot 2025-06-17 142524.png?v=1750145131', 1, 0, '2025-06-17 14:25:31', '2025-07-08 10:55:57', 'percent', 50, 555, 5.00, 10.00, 13.00, 500.00, 0, 'XKT-02-BT'),
(26, 7, 'Jeep', 'Jeep JP-EW011 หูฟังบลูทูธไร้สาย HiFi HD Call ลดเสียงรบกวน จับคู่เร็วหูฟังบลูทูธ พร้อมไมโครโฟน', 'ข้อมูลจำเพาะ:\r\n\r\nรถจี๊ปยี่ห้อ Jeep\r\n\r\nรุ่น: JP EW011\r\n\r\nเวอร์ชันไร้สาย: V5.3\r\n\r\nขนาดลำโพง: Φ13mm\r\n\r\nความไว: 118 ± 3dB\r\n\r\nความต้านทาน: 250\r\n\r\nการตอบสนองความถี่ 50HZ-20KHZ\r\n\r\nแรงดันไฟฟ้าของเซลล์: 3.7V\r\n\r\nเวลาเล่นเพลง: ประมาณ 4H (ระดับเสียง 80%)\r\n\r\nเวลาสแตนด์บาย: ประมาณ 50 ชม\r\n\r\nเวลาในการชาร์จ: ประมาณ 2 ชม\r\n\r\nความจุแบตเตอรี่หูฟังหูฟัง: 30mAh / 3.7V\r\n\r\nความจุแบตเตอรี่ช่องชาร์จ: 300mAh / 3.7V\r\n\r\nขนาดสินค้า: 61.5x25x45.5 มม\r\n\r\n\r\n\r\nสิ่งที่อยู่ในกล่อง\r\n\r\nหูฟังบลูทู ธ 2 x หูฟังบลูทู ธ\r\n\r\nกรณีชาร์จ 1 x เคสชาร์จ\r\n\r\nสายชาร์จ 1 x\r\n\r\n1 x คู่มือการใช้งาน', '', 787.00, 'uploads/product//Screenshot 2025-06-17 142707.png?v=1750145234', 1, 0, '2025-06-17 14:27:14', '2025-06-17 14:27:14', 'amount', 568, 219, NULL, NULL, NULL, NULL, 0, NULL),
(27, 7, ' Basspro Max(เบสโปร แม็ก)', 'Basspro Power 2 หูฟังบลูทูธ ทัชสกรีน แบบ in-ear ระบบ ANC + ENC แท้ 100% เบสหนัก เสียงใส กันน้ำ', ' 🎈 สินค้ารับประกัน 1ปี 🎈\r\n\r\nเรามีฝ่ายบริการลูกค้าหลังการขาย ไว้ใจให้เราดูแลนะคะ\r\n\r\nข้อมูลเฉพาะ: ฟังเพลง ได้ทุกที่ทุกเวลา ด้วยหูฟังบลูทูธยี่ห้อ Basspro Power 2 เบสหนัก มาพร้อมระบบ Active Noise Cancelling ตัดเสียงรบกวน ใส่ออกกำลังกาย สบายๆ ไดร์เวอร์ตัวเดียวกับหูฟังราคาแพง\r\nบลูทูธ 5.4\r\nเป็นหูฟังแบบ in-ear\r\nเชื่อมต่อง่าย\r\n\r\nหูฟังบลูทูธยี่ห้อ Basspro Power ออกแบบมาให้ขนาดเล็ก น้ำหนักเบา เก็บไว้ในกระเป๋ากางเกงได้ไม่แกะกะ มาพร้อมกับระบบ Fast Charge USB Type-C\r\nจุดเด่นอีกอย่างคือตัวหูฟังสามารถ กันน้ำได้ระดับ IPX7\r\n ออกกำลังกายได้\r\n\r\n❤️-------------------- เงื่อนไขการเคลมสินค้า----------------❤️\r\n\r\n💎ช่วงเวลาให้บริการของเรา ทุกวัน เวลา 9.00 - 18.00 น.✅\r\n💎สินค้าในร้านจัดส่งจากไทยและใช้เวลาในการจัดส่งประมาณ 2-4วัน ต้องขออภัยหากมีการล่าช้าเกิดขึ้น\r\n📢ข้อมูลควรทราบในกรณีลูกค้ามีความประสงค์ต้องการส่งสินค้าคืนร้านเพื่อ ตรวจสอบ / เคลม📢\r\n❗️เมื่อตรวจสอบเเล้วสินค้าชำรุด บกพร่อง ทางร้านจะนำส่งสินค้าชิ้นใหม่พร้อมทั้ง ชำระค่าส่งพัสดุและค่าบริการให้ทันที\r\n❗️หากสินค้ามีปัญหารบกวนทักเข้ามาแจ้งทางร้านก่อนนะคะ สินค้ามีการรับประกันทุกชิ้น\r\n❗️หากสินค้ามีปัญหาและคุณลูกค้ากดรับสินค้าแล้ว ทางร้านขออนุญาตไม่รับผิดชอบค่าส่งในการส่งเคลมกับทางร้าน\r\n❗️ได้รับสินค้าแล้วรบกวนถ่ายวิดีโอก่อนแกะสินค้า หากไม่มีวิดีโอทางร้านขออนุญาตไม่รับเคลมทุกกรณี\r\n\r\n          🎈 ได้รับสินค้าแล้วรบกวนรีวิว 5 ดาวให้ทางร้านด้วยนะคะ🎈\r\n                     ร้าน IT Union ยินดีให้บริการค่ะ🎁\r\n             🎈 สินค้ารับประกัน 1 ปี  🎈\r\n\r\nThank you very much for using our service.🎉\r\nThank you for shopping with us today.🎀\r\nThank you for your purchase. Please let us know if we can do anything to improve our service.🌈', '', 699.00, 'uploads/product//Screenshot 2025-06-17 142959.png?v=1750145406', 1, 0, '2025-06-17 14:30:06', '2025-07-08 15:24:29', NULL, NULL, NULL, NULL, NULL, NULL, 1.00, 0, 'BASSPRO-POWER-2'),
(29, 5, 'testpic', 'testpicccccc', 'testpic', '', 200.00, 'uploads/product/testproducts1.jpg?v=1750821164', 1, 0, '2025-06-25 09:56:39', '2025-06-26 14:00:13', NULL, NULL, NULL, NULL, NULL, NULL, 0.50, 1, 'TEST-TOY-KIDS'),
(30, 5, '', 'Test', '', '', 100.00, NULL, 1, 0, '2025-06-30 09:37:04', '2025-06-30 13:40:45', NULL, NULL, NULL, NULL, NULL, NULL, 10.00, 0, '1111'),
(31, 8, 'MINE', 'เหลี่ยม', 'เหลี่ยม', '', 1000.00, 'uploads/product/minecraft-icon-0.png?v=1751947033', 1, 0, '2025-07-08 10:57:13', '2025-07-08 10:57:13', 'percent', 3, 970, 30.00, 30.00, 30.00, 500.00, 0, 'MINE'),
(32, 10, 'CAT', 'CAT', 'CAT', '', 10000000.00, 'uploads/product/494558257_9629855163777815_105740306696778987_n.png?v=1751947129', 1, 0, '2025-07-08 10:58:49', '2025-07-08 11:04:32', NULL, NULL, NULL, 50.00, 60.00, 30.00, 10000.00, 1, 'CAT');

-- --------------------------------------------------------

--
-- Table structure for table `product_shipping`
--

CREATE TABLE `product_shipping` (
  `product_id` int NOT NULL,
  `shipping_methods_id` int NOT NULL,
  `price` float DEFAULT '0',
  `enabled` tinyint DEFAULT '1'
) ENGINE=InnoDB DEFAULT CHARSET=utf8mb4 COLLATE=utf8mb4_general_ci;

-- --------------------------------------------------------

--
-- Table structure for table `shipping_methods`
--

CREATE TABLE `shipping_methods` (
  `id` int NOT NULL,
  `provider_id` int NOT NULL,
  `name` varchar(100) CHARACTER SET utf8mb4 COLLATE utf8mb4_general_ci NOT NULL,
  `description` text CHARACTER SET utf8mb4 COLLATE utf8mb4_general_ci,
  `cost` decimal(10,2) DEFAULT '0.00',
  `cod_enabled` tinyint(1) DEFAULT '0',
  `is_active` tinyint(1) DEFAULT '1',
  `delete_flag` tinyint(1) DEFAULT '0',
  `volumetric_divider` int DEFAULT '5000'
) ENGINE=InnoDB DEFAULT CHARSET=utf8mb4 COLLATE=utf8mb4_general_ci;

--
-- Dumping data for table `shipping_methods`
--

INSERT INTO `shipping_methods` (`id`, `provider_id`, `name`, `description`, `cost`, `cod_enabled`, `is_active`, `delete_flag`, `volumetric_divider`) VALUES
(3, 2, 'Flash Express', 'บริการราคาประหยัดทั่วประเทศ', 40.00, 1, 1, 0, 5000),
(7, 3, 'ไปรษณีย์ไทย', 'สามารถเก็บเงินปลายทางได้', 40.00, 1, 1, 0, 5000);

-- --------------------------------------------------------

--
-- Table structure for table `shipping_prices`
--

CREATE TABLE `shipping_prices` (
  `id` int NOT NULL,
  `shipping_methods_id` int NOT NULL,
  `min_weight` int NOT NULL,
  `max_weight` int NOT NULL,
  `price` decimal(10,2) NOT NULL
) ENGINE=InnoDB DEFAULT CHARSET=utf8mb4 COLLATE=utf8mb4_general_ci;

--
-- Dumping data for table `shipping_prices`
--

INSERT INTO `shipping_prices` (`id`, `shipping_methods_id`, `min_weight`, `max_weight`, `price`) VALUES
(1, 3, 0, 1000, 40.00),
(2, 3, 1001, 2000, 50.00),
(3, 3, 2001, 3000, 65.00),
(4, 3, 3001, 4000, 75.00),
(5, 3, 4001, 5000, 90.00),
(6, 3, 5001, 6000, 100.00),
(7, 3, 6001, 7000, 120.00),
(8, 3, 7001, 8000, 135.00),
(9, 3, 8001, 9000, 140.00),
(10, 3, 9001, 10000, 150.00),
(11, 3, 10001, 11000, 160.00),
(12, 3, 11001, 12000, 170.00),
(13, 3, 12001, 13000, 180.00),
(14, 3, 13001, 14000, 190.00),
(15, 3, 14001, 15000, 200.00),
(16, 3, 15001, 16000, 210.00),
(17, 3, 16001, 17000, 220.00),
(18, 3, 17001, 18000, 230.00),
(19, 3, 18001, 19000, 240.00),
(20, 3, 19001, 20000, 250.00),
(21, 3, 20001, 25000, 400.00),
(64, 7, 0, 1000, 40.00),
(65, 7, 1001, 2000, 50.00),
(66, 7, 2001, 3000, 65.00),
(67, 7, 3001, 4000, 75.00),
(68, 7, 4001, 5000, 90.00),
(69, 7, 5001, 6000, 100.00),
(70, 7, 6001, 7000, 120.00),
(71, 7, 7001, 8000, 135.00),
(72, 7, 8001, 9000, 140.00),
(73, 7, 9001, 10000, 150.00),
(74, 7, 10001, 11000, 160.00),
(75, 7, 11001, 12000, 170.00),
(76, 7, 12001, 13000, 180.00),
(77, 7, 13001, 14000, 190.00),
(78, 7, 14001, 15000, 200.00),
(79, 7, 15001, 16000, 210.00),
(80, 7, 16001, 17000, 220.00),
(81, 7, 17001, 18000, 230.00),
(82, 7, 18001, 19000, 240.00),
(83, 7, 19001, 20000, 250.00),
(84, 7, 20001, 25000, 400.00);

-- --------------------------------------------------------

--
-- Table structure for table `shipping_providers`
--

CREATE TABLE `shipping_providers` (
  `id` int NOT NULL,
  `name` varchar(100) CHARACTER SET utf8mb4 COLLATE utf8mb4_general_ci NOT NULL,
  `description` text CHARACTER SET utf8mb4 COLLATE utf8mb4_general_ci,
  `logo` varchar(255) CHARACTER SET utf8mb4 COLLATE utf8mb4_general_ci DEFAULT NULL,
  `status` tinyint(1) DEFAULT '1'
) ENGINE=InnoDB DEFAULT CHARSET=utf8mb4 COLLATE=utf8mb4_general_ci;

--
-- Dumping data for table `shipping_providers`
--

INSERT INTO `shipping_providers` (`id`, `name`, `description`, `logo`, `status`) VALUES
(1, 'Kerry Express', 'บริการด่วนพิเศษ 1-2 วัน', NULL, 1),
(2, 'Flash Express', 'บริการราคาประหยัดทั่วประเทศ', NULL, 1),
(3, 'ไปรษณีย์ไทย', 'บริการ EMS, ลงทะเบียน, พัสดุ', NULL, 1),
(4, 'J&T Express', 'บริการด่วนต้นทุนต่ำ', NULL, 1),
(5, 'SCG Express', 'เหมาะสำหรับของเย็นหรือชิ้นใหญ่', NULL, 1);

-- --------------------------------------------------------

--
-- Table structure for table `stock_list`
--

CREATE TABLE `stock_list` (
  `id` int NOT NULL,
  `product_id` int NOT NULL,
  `code` varchar(100) CHARACTER SET utf8mb4 COLLATE utf8mb4_general_ci NOT NULL,
  `quantity` float(12,2) NOT NULL DEFAULT '0.00',
  `date_created` datetime NOT NULL DEFAULT CURRENT_TIMESTAMP,
  `date_updated` datetime NOT NULL DEFAULT CURRENT_TIMESTAMP ON UPDATE CURRENT_TIMESTAMP
) ENGINE=InnoDB DEFAULT CHARSET=utf8mb4 COLLATE=utf8mb4_general_ci;

--
-- Dumping data for table `stock_list`
--

INSERT INTO `stock_list` (`id`, `product_id`, `code`, `quantity`, `date_created`, `date_updated`) VALUES
(13, 14, 'TEST200001', 100.00, '2025-06-12 10:51:44', '2025-06-12 10:51:44'),
(16, 21, 'H100001', 1000.00, '2025-06-17 13:44:15', '2025-06-17 13:44:15'),
(17, 22, 'H200001', 1000.00, '2025-06-17 13:49:18', '2025-06-17 13:49:18'),
(19, 24, 'P100001', 1000.00, '2025-06-17 14:22:29', '2025-06-17 14:22:29'),
(21, 26, 'H400001', 1000.00, '2025-06-17 14:27:41', '2025-06-17 14:27:41'),
(23, 27, '101010', 220.00, '2025-06-19 14:17:20', '2025-06-19 14:17:20'),
(24, 25, 'H100010', 1000.00, '2025-06-24 16:52:16', '2025-06-24 16:52:16'),
(25, 23, 'S100010', 1000.00, '2025-06-24 16:52:40', '2025-06-24 16:52:40'),
(27, 29, 'TP1001', 100.00, '2025-06-25 09:57:03', '2025-06-25 09:57:03'),
(28, 30, '1111', 111.00, '2025-06-30 09:37:48', '2025-06-30 09:37:48'),
(29, 20, '12121', 1000.00, '2025-06-30 11:30:45', '2025-06-30 11:30:45'),
(30, 32, 'CAT', 1.00, '2025-07-08 11:04:43', '2025-07-08 11:04:43');

-- --------------------------------------------------------

--
-- Table structure for table `stock_out`
--

CREATE TABLE `stock_out` (
  `id` int NOT NULL,
  `order_id` int NOT NULL,
  `stock_id` int NOT NULL,
  `quantity` int NOT NULL DEFAULT '0'
) ENGINE=InnoDB DEFAULT CHARSET=utf8mb4 COLLATE=utf8mb4_general_ci;

-- --------------------------------------------------------

--
-- Table structure for table `system_info`
--

CREATE TABLE `system_info` (
  `id` int NOT NULL,
  `meta_field` text CHARACTER SET utf8mb4 COLLATE utf8mb4_general_ci NOT NULL,
  `meta_value` text CHARACTER SET utf8mb4 COLLATE utf8mb4_general_ci NOT NULL
) ENGINE=InnoDB DEFAULT CHARSET=utf8mb4 COLLATE=utf8mb4_general_ci;

--
-- Dumping data for table `system_info`
--

INSERT INTO `system_info` (`id`, `meta_field`, `meta_value`) VALUES
(1, 'name', 'MSG.com'),
(6, 'short_name', ''),
(11, 'logo', 'uploads/logo.png?v=1747713664'),
(13, 'user_avatar', 'uploads/user_avatar.jpg'),
(14, 'cover', 'uploads/cover.png?v=1750148058'),
(17, 'phone', '075-051070'),
(18, 'mobile', '0828398430 / 094563212222 '),
(19, 'email', 'AdminFIGSTR@gmail.com'),
(20, 'address', '21 ม.5 ถ.เพชรเกษม ต.นาท่ามเหนือ อ.เมือง จ.ตรัง 92190'),
(21, 'office_hours', 'วันจันทร์-วันเสาร์ เวลา 08.30น.-17.00น.(หยุดวันนักขัตฤกษ์)'),
(22, 'Line', 'https://line.me'),
(23, 'Facebook', 'https://fb.com/kirution2079/'),
(24, 'TikTok', 'https://tiktok.com'),
(25, 'Synopsis', 'เรายินดีรับฟังทุกความคิดเห็น ข้อเสนอแนะ หรือคำถามของคุณ</br>\r\nหากคุณต้องการติดต่อกับเรา กรุณาใช้ข้อมูลด้านล่าง หรือติดต่อผ่านช่องทางโซเชียลมีเดีย');

-- --------------------------------------------------------

--
-- Table structure for table `users`
--

CREATE TABLE `users` (
  `id` int NOT NULL,
  `firstname` varchar(250) CHARACTER SET utf8mb4 COLLATE utf8mb4_general_ci NOT NULL,
  `middlename` text CHARACTER SET utf8mb4 COLLATE utf8mb4_general_ci,
  `lastname` varchar(250) CHARACTER SET utf8mb4 COLLATE utf8mb4_general_ci NOT NULL,
  `username` text CHARACTER SET utf8mb4 COLLATE utf8mb4_general_ci NOT NULL,
  `password` text CHARACTER SET utf8mb4 COLLATE utf8mb4_general_ci NOT NULL,
  `avatar` text CHARACTER SET utf8mb4 COLLATE utf8mb4_general_ci,
  `last_login` datetime DEFAULT NULL,
  `type` tinyint(1) NOT NULL DEFAULT '0',
  `date_added` datetime NOT NULL DEFAULT CURRENT_TIMESTAMP,
  `date_updated` datetime DEFAULT CURRENT_TIMESTAMP ON UPDATE CURRENT_TIMESTAMP
) ENGINE=InnoDB DEFAULT CHARSET=utf8mb4 COLLATE=utf8mb4_general_ci COMMENT='2';

--
-- Dumping data for table `users`
--

INSERT INTO `users` (`id`, `firstname`, `middlename`, `lastname`, `username`, `password`, `avatar`, `last_login`, `type`, `date_added`, `date_updated`) VALUES
(1, 'Adminstrator', '', 'Admin', 'admin', 'fcea920f7412b5da7be0cf42b8c93759', 'uploads/avatars/1.png?v=1649834664', NULL, 1, '2021-01-20 14:02:37', '2024-01-07 11:27:23'),
(8, 'Claire', '', 'Blake', 'cblake', 'cd74fae0a3adf459f73bbf187607ccea', 'uploads/avatars/8.png?v=1675047323', NULL, 2, '2023-01-30 10:55:23', '2023-01-30 10:55:23'),
(9, 'Staff', '', '1', 'staff1', '81dc9bdb52d04dc20036dbd8313ed055', 'uploads/avatars/9.png?v=1747646517', NULL, 2, '2025-05-19 16:21:57', '2025-05-19 16:21:57');

--
-- Indexes for dumped tables
--

--
-- Indexes for table `cart_list`
--
ALTER TABLE `cart_list`
  ADD PRIMARY KEY (`id`),
  ADD KEY `customer_id` (`customer_id`),
  ADD KEY `product_id` (`product_id`);

--
-- Indexes for table `category_list`
--
ALTER TABLE `category_list`
  ADD PRIMARY KEY (`id`);

--
-- Indexes for table `customer_list`
--
ALTER TABLE `customer_list`
  ADD PRIMARY KEY (`id`);

--
-- Indexes for table `order_items`
--
ALTER TABLE `order_items`
  ADD KEY `order_id` (`order_id`),
  ADD KEY `product_id` (`product_id`);

--
-- Indexes for table `order_list`
--
ALTER TABLE `order_list`
  ADD PRIMARY KEY (`id`),
  ADD KEY `customer_id` (`customer_id`);

--
-- Indexes for table `product_categories`
--
ALTER TABLE `product_categories`
  ADD PRIMARY KEY (`product_id`,`category_id`),
  ADD KEY `category_id` (`category_id`);

--
-- Indexes for table `product_links`
--
ALTER TABLE `product_links`
  ADD PRIMARY KEY (`product_id`);

--
-- Indexes for table `product_list`
--
ALTER TABLE `product_list`
  ADD PRIMARY KEY (`id`),
  ADD KEY `category_id` (`category_id`);

--
-- Indexes for table `product_shipping`
--
ALTER TABLE `product_shipping`
  ADD PRIMARY KEY (`product_id`,`shipping_methods_id`);

--
-- Indexes for table `shipping_methods`
--
ALTER TABLE `shipping_methods`
  ADD PRIMARY KEY (`id`),
  ADD KEY `provider_id` (`provider_id`);

--
-- Indexes for table `shipping_prices`
--
ALTER TABLE `shipping_prices`
  ADD PRIMARY KEY (`id`),
  ADD KEY `shipping_method_id` (`shipping_methods_id`);

--
-- Indexes for table `shipping_providers`
--
ALTER TABLE `shipping_providers`
  ADD PRIMARY KEY (`id`);

--
-- Indexes for table `stock_list`
--
ALTER TABLE `stock_list`
  ADD PRIMARY KEY (`id`),
  ADD KEY `product_id` (`product_id`);

--
-- Indexes for table `stock_out`
--
ALTER TABLE `stock_out`
  ADD PRIMARY KEY (`id`),
  ADD KEY `order_id` (`order_id`),
  ADD KEY `stock_id` (`stock_id`);

--
-- Indexes for table `system_info`
--
ALTER TABLE `system_info`
  ADD PRIMARY KEY (`id`);

--
-- Indexes for table `users`
--
ALTER TABLE `users`
  ADD PRIMARY KEY (`id`);

--
-- AUTO_INCREMENT for dumped tables
--

--
-- AUTO_INCREMENT for table `cart_list`
--
ALTER TABLE `cart_list`
  MODIFY `id` int NOT NULL AUTO_INCREMENT, AUTO_INCREMENT=165;

--
-- AUTO_INCREMENT for table `category_list`
--
ALTER TABLE `category_list`
  MODIFY `id` int NOT NULL AUTO_INCREMENT, AUTO_INCREMENT=11;

--
-- AUTO_INCREMENT for table `customer_list`
--
ALTER TABLE `customer_list`
  MODIFY `id` int NOT NULL AUTO_INCREMENT, AUTO_INCREMENT=20;

--
-- AUTO_INCREMENT for table `order_list`
--
ALTER TABLE `order_list`
  MODIFY `id` int NOT NULL AUTO_INCREMENT, AUTO_INCREMENT=87;

--
-- AUTO_INCREMENT for table `product_list`
--
ALTER TABLE `product_list`
  MODIFY `id` int NOT NULL AUTO_INCREMENT, AUTO_INCREMENT=33;

--
-- AUTO_INCREMENT for table `shipping_methods`
--
ALTER TABLE `shipping_methods`
  MODIFY `id` int NOT NULL AUTO_INCREMENT, AUTO_INCREMENT=24;

--
-- AUTO_INCREMENT for table `shipping_prices`
--
ALTER TABLE `shipping_prices`
  MODIFY `id` int NOT NULL AUTO_INCREMENT, AUTO_INCREMENT=85;

--
-- AUTO_INCREMENT for table `shipping_providers`
--
ALTER TABLE `shipping_providers`
  MODIFY `id` int NOT NULL AUTO_INCREMENT, AUTO_INCREMENT=6;

--
-- AUTO_INCREMENT for table `stock_list`
--
ALTER TABLE `stock_list`
  MODIFY `id` int NOT NULL AUTO_INCREMENT, AUTO_INCREMENT=31;

--
-- AUTO_INCREMENT for table `stock_out`
--
ALTER TABLE `stock_out`
  MODIFY `id` int NOT NULL AUTO_INCREMENT;

--
-- AUTO_INCREMENT for table `system_info`
--
ALTER TABLE `system_info`
  MODIFY `id` int NOT NULL AUTO_INCREMENT, AUTO_INCREMENT=26;

--
-- AUTO_INCREMENT for table `users`
--
ALTER TABLE `users`
  MODIFY `id` int NOT NULL AUTO_INCREMENT, AUTO_INCREMENT=10;

--
-- Constraints for dumped tables
--

--
-- Constraints for table `cart_list`
--
ALTER TABLE `cart_list`
  ADD CONSTRAINT `customer_id_fk_cl` FOREIGN KEY (`customer_id`) REFERENCES `customer_list` (`id`) ON DELETE CASCADE,
  ADD CONSTRAINT `product_id_fk_cl` FOREIGN KEY (`product_id`) REFERENCES `product_list` (`id`) ON DELETE CASCADE;

--
-- Constraints for table `order_items`
--
ALTER TABLE `order_items`
  ADD CONSTRAINT `order_id_fk_oi` FOREIGN KEY (`order_id`) REFERENCES `order_list` (`id`) ON DELETE CASCADE,
  ADD CONSTRAINT `product_id_fk_oi` FOREIGN KEY (`product_id`) REFERENCES `product_list` (`id`) ON DELETE CASCADE;

--
-- Constraints for table `order_list`
--
ALTER TABLE `order_list`
  ADD CONSTRAINT `customer_id_fk_ol` FOREIGN KEY (`customer_id`) REFERENCES `customer_list` (`id`) ON DELETE CASCADE;

--
-- Constraints for table `product_categories`
--
ALTER TABLE `product_categories`
  ADD CONSTRAINT `product_categories_ibfk_1` FOREIGN KEY (`product_id`) REFERENCES `product_list` (`id`) ON DELETE CASCADE,
  ADD CONSTRAINT `product_categories_ibfk_2` FOREIGN KEY (`category_id`) REFERENCES `category_list` (`id`) ON DELETE CASCADE;

--
-- Constraints for table `product_links`
--
ALTER TABLE `product_links`
  ADD CONSTRAINT `product_links_ibfk_1` FOREIGN KEY (`product_id`) REFERENCES `product_list` (`id`) ON DELETE CASCADE;

--
-- Constraints for table `product_list`
--
ALTER TABLE `product_list`
  ADD CONSTRAINT `category_id_fk_pl` FOREIGN KEY (`category_id`) REFERENCES `category_list` (`id`) ON DELETE CASCADE;

--
-- Constraints for table `shipping_methods`
--
ALTER TABLE `shipping_methods`
  ADD CONSTRAINT `shipping_methods_ibfk_1` FOREIGN KEY (`provider_id`) REFERENCES `shipping_providers` (`id`) ON DELETE CASCADE;

--
-- Constraints for table `shipping_prices`
--
ALTER TABLE `shipping_prices`
  ADD CONSTRAINT `shipping_prices_ibfk_1` FOREIGN KEY (`shipping_methods_id`) REFERENCES `shipping_methods` (`id`) ON DELETE CASCADE;

--
-- Constraints for table `stock_list`
--
ALTER TABLE `stock_list`
  ADD CONSTRAINT `product_id_fk_sl` FOREIGN KEY (`product_id`) REFERENCES `product_list` (`id`) ON DELETE CASCADE;

--
-- Constraints for table `stock_out`
--
ALTER TABLE `stock_out`
  ADD CONSTRAINT `order_id_fk_so` FOREIGN KEY (`order_id`) REFERENCES `order_list` (`id`) ON DELETE CASCADE,
  ADD CONSTRAINT `stock_id_fk_so` FOREIGN KEY (`stock_id`) REFERENCES `stock_list` (`id`) ON DELETE CASCADE;
COMMIT;

/*!40101 SET CHARACTER_SET_CLIENT=@OLD_CHARACTER_SET_CLIENT */;
/*!40101 SET CHARACTER_SET_RESULTS=@OLD_CHARACTER_SET_RESULTS */;
/*!40101 SET COLLATION_CONNECTION=@OLD_COLLATION_CONNECTION */;
